{"cameraMode":{"drawMode":0,"name":"Shaded","section":"Shading Mode"},"sceneLighting":false,"audioPlay":false,"sceneViewState":{"showFog":true,"showMaterialUpdate":false,"showSkybox":true,"showFlares":true,"showImageEffects":true,"showParticleSystems":true},"in2DMode":false,"pivot":{"x":3.8000001907348635,"y":-8.119999885559082,"z":4.894973278045654},"rotation":{"x":-0.016406523063778878,"y":-0.9761538505554199,"z":0.07954585552215576,"w":-0.20132626593112946},"size":82.18728637695313,"orthographic":false}